{"loss_00080": 0.1987626999616623, "loss_reg_00080": 3.1697910962691367e-10, "loss_dist_00080": 0.19873100519180298, "_timestamp": 1670930965.3234231, "_runtime": 93.5706832408905, "_step": 6, "_wandb": {"runtime": 113}}