{"loss_21588": 0.28193703293800354, "loss_reg_21588": 8.498326486972019e-10, "loss_dist_21588": 0.28185203671455383, "_timestamp": 1670931500.6530204, "_runtime": 93.53371930122375, "_step": 6, "_wandb": {"runtime": 113}}