{"loss_16478": 0.24293752014636993, "loss_reg_16478": 9.659440358689153e-09, "loss_dist_16478": 0.24197158217430115, "_timestamp": 1670931362.9955657, "_runtime": 89.72881770133972, "_step": 6, "_wandb": {"runtime": 108}}