{"loss_21623": 0.234670490026474, "loss_reg_21623": 4.526303984397906e-11, "loss_dist_21623": 0.23466596007347107, "_timestamp": 1670931634.0332093, "_runtime": 89.85766935348511, "_step": 6, "_wandb": {"runtime": 108}}