{"loss_21663": 0.30303046107292175, "loss_reg_21663": 3.9940659557913955e-14, "loss_dist_21663": 0.30303046107292175, "_timestamp": 1670931770.2681417, "_runtime": 92.52079272270203, "_step": 6, "_wandb": {"runtime": 112}}