{"loss_00025": 0.273965060710907, "loss_reg_00025": 7.830221887550337e-11, "loss_dist_00025": 0.273957222700119, "_timestamp": 1670930556.5710213, "_runtime": 90.8021023273468, "_step": 6, "_wandb": {"runtime": 109}}