{"loss_00022": 0.19296082854270935, "loss_reg_00022": 4.916945073318857e-09, "loss_dist_00022": 0.19246913492679596, "_timestamp": 1670930287.0741193, "_runtime": 89.90161442756653, "_step": 6, "_wandb": {"runtime": 108}}