{"loss_16438": 0.3193073272705078, "loss_reg_16438": 1.3123698794359484e-09, "loss_dist_16438": 0.3191760778427124, "_timestamp": 1670931104.355151, "_runtime": 95.79194498062134, "_step": 6, "_wandb": {"runtime": 110}}