{"loss_00061": 0.2435569316148758, "loss_reg_00061": 1.437464175468861e-10, "loss_dist_00061": 0.24354255199432373, "_timestamp": 1670930690.1203687, "_runtime": 89.82926082611084, "_step": 6, "_wandb": {"runtime": 108}}