{"loss_00062": 0.18515394628047943, "loss_reg_00062": 2.7914446310006724e-09, "loss_dist_00062": 0.18487480282783508, "_timestamp": 1670930827.353811, "_runtime": 91.73845791816711, "_step": 6, "_wandb": {"runtime": 110}}