{"loss_00023": 0.2451581209897995, "loss_reg_00023": 1.5745788353727086e-11, "loss_dist_00023": 0.24515654146671295, "_timestamp": 1670930421.0564778, "_runtime": 88.94294381141663, "_step": 6, "_wandb": {"runtime": 106}}